USE stranger_explorer;

-- USERS (30 users)
INSERT INTO users (user_id, full_name, email, password, gender, age, location, date_joined) VALUES
(1, 'Aarav Sharma', 'aarav1@example.com', 'pass1', 'Male', 25, 'Mumbai', NOW()),
(2, 'Diya Patel', 'diya2@example.com', 'pass2', 'Female', 23, 'Delhi', NOW()),
(3, 'Kabir Singh', 'kabir3@example.com', 'pass3', 'Male', 28, 'Bengaluru', NOW()),
(4, 'Riya Iyer', 'riya4@example.com', 'pass4', 'Female', 26, 'Hyderabad', NOW()),
(5, 'Vivaan Khan', 'vivaan5@example.com', 'pass5', 'Male', 30, 'Chennai', NOW()),
(6, 'Ananya Gupta', 'ananya6@example.com', 'pass6', 'Female', 27, 'Pune', NOW()),
(7, 'Ishaan Sharma', 'ishaan7@example.com', 'pass7', 'Male', 24, 'Ahmedabad', NOW()),
(8, 'Sara Patel', 'sara8@example.com', 'pass8', 'Female', 29, 'Jaipur', NOW()),
(9, 'Aditya Singh', 'aditya9@example.com', 'pass9', 'Male', 31, 'Goa', NOW()),
(10,'Kriti Iyer', 'kriti10@example.com', 'pass10', 'Female', 22, 'Lucknow', NOW()),
(11,'Rahul Sharma', 'rahul11@example.com', 'pass11', 'Male', 26, 'Mumbai', NOW()),
(12,'Sneha Patel', 'sneha12@example.com', 'pass12', 'Female', 27, 'Delhi', NOW()),
(13,'Arjun Singh', 'arjun13@example.com', 'pass13', 'Male', 28, 'Bengaluru', NOW()),
(14,'Pooja Gupta', 'pooja14@example.com', 'pass14', 'Female', 29, 'Hyderabad', NOW()),
(15,'Rohan Sharma', 'rohan15@example.com', 'pass15', 'Male', 30, 'Chennai', NOW()),
(16,'Nisha Patel', 'nisha16@example.com', 'pass16', 'Female', 24, 'Pune', NOW()),
(17,'Vikram Singh', 'vikram17@example.com', 'pass17', 'Male', 32, 'Ahmedabad', NOW()),
(18,'Meera Iyer', 'meera18@example.com', 'pass18', 'Female', 26, 'Jaipur', NOW()),
(19,'Siddharth Khan', 'sid19@example.com', 'pass19', 'Male', 27, 'Goa', NOW()),
(20,'Tanya Gupta', 'tanya20@example.com', 'pass20', 'Female', 25, 'Lucknow', NOW()),
(21,'Karan Sharma', 'karan21@example.com', 'pass21', 'Male', 29, 'Mumbai', NOW()),
(22,'Priya Patel', 'priya22@example.com', 'pass22', 'Female', 28, 'Delhi', NOW()),
(23,'Yash Singh', 'yash23@example.com', 'pass23', 'Male', 31, 'Bengaluru', NOW()),
(24,'Shruti Iyer', 'shruti24@example.com', 'pass24', 'Female', 26, 'Hyderabad', NOW()),
(25,'Manish Khan', 'manish25@example.com', 'pass25', 'Male', 33, 'Chennai', NOW()),
(26,'Alia Gupta', 'alia26@example.com', 'pass26', 'Female', 24, 'Pune', NOW()),
(27,'Harsh Singh', 'harsh27@example.com', 'pass27', 'Male', 28, 'Ahmedabad', NOW()),
(28,'Neha Patel', 'neha28@example.com', 'pass28', 'Female', 22, 'Jaipur', NOW()),
(29,'Rajat Sharma', 'rajat29@example.com', 'pass29', 'Male', 30, 'Goa', NOW()),
(30,'Simran Iyer', 'simran30@example.com', 'pass30', 'Female', 27, 'Lucknow', NOW());

-- TRIPS (20 trips)
INSERT INTO trips (trip_id, destination, start_date, end_date, estimated_cost, user_id) VALUES
(1,'Goa','2025-01-05','2025-01-12',15000,1),
(2,'Manali','2025-02-10','2025-02-18',18000,2),
(3,'Ladakh','2025-03-20','2025-03-28',24000,3),
(4,'Jaipur','2025-04-12','2025-04-16',10000,4),
(5,'Rishikesh','2025-01-22','2025-01-27',8000,5),
(6,'Kerala Backwaters','2025-05-01','2025-05-06',20000,6),
(7,'Andaman Islands','2025-06-10','2025-06-18',30000,7),
(8,'Coorg','2025-07-03','2025-07-09',12000,8),
(9,'Udaipur','2025-03-05','2025-03-11',11000,9),
(10,'Darjeeling','2025-08-14','2025-08-20',15000,10),
(11,'Pondicherry','2025-09-02','2025-09-07',13000,11),
(12,'Hampi','2025-01-15','2025-01-20',9000,12),
(13,'Sikkim','2025-10-11','2025-10-19',25000,13),
(14,'Spiti Valley','2025-11-04','2025-11-12',26000,14),
(15,'Varanasi','2025-01-08','2025-01-12',7000,15),
(16,'Kodaikanal','2025-02-20','2025-02-27',13000,16),
(17,'Mcleodganj','2025-03-25','2025-03-30',15000,17),
(18,'Ooty','2025-04-15','2025-04-21',14000,18),
(19,'Jaisalmer','2025-05-25','2025-06-02',22000,19),
(20,'Alleppey','2025-06-30','2025-07-06',16000,20);

-- TRIP PARTICIPANTS (60+)
INSERT INTO trip_participants (participant_id, trip_id, user_id, joined_on) VALUES
(1,1,2,NOW()),(2,1,3,NOW()),(3,1,4,NOW()),(4,1,5,NOW()),
(5,2,6,NOW()),(6,2,7,NOW()),(7,2,1,NOW()),(8,2,8,NOW()),
(9,3,9,NOW()),(10,3,10,NOW()),(11,3,11,NOW()),(12,3,4,NOW()),
(13,4,12,NOW()),(14,4,1,NOW()),(15,4,8,NOW()),
(16,5,3,NOW()),(17,5,4,NOW()),(18,5,5,NOW()),
(19,6,6,NOW()),(20,6,9,NOW()),(21,6,10,NOW()),
(22,7,11,NOW()),(23,7,12,NOW()),(24,7,15,NOW()),
(25,8,2,NOW()),(26,8,14,NOW()),(27,8,7,NOW()),
(28,9,13,NOW()),(29,9,17,NOW()),(30,9,18,NOW()),
(31,10,20,NOW()),(32,10,21,NOW()),(33,10,22,NOW()),
(34,11,1,NOW()),(35,11,5,NOW()),(36,11,23,NOW()),
(37,12,27,NOW()),(38,12,28,NOW()),(39,12,16,NOW()),
(40,13,6,NOW()),(41,13,3,NOW()),(42,13,7,NOW()),
(43,14,14,NOW()),(44,14,15,NOW()),(45,14,8,NOW()),
(46,15,9,NOW()),(47,15,4,NOW()),(48,15,2,NOW()),
(49,16,1,NOW()),(50,16,3,NOW()),(51,16,5,NOW()),
(52,17,2,NOW()),(53,17,6,NOW()),(54,17,7,NOW()),
(55,18,26,NOW()),(56,18,20,NOW()),(57,18,24,NOW()),
(58,19,25,NOW()),(59,19,19,NOW()),(60,19,23,NOW()),
(61,20,10,NOW()),(62,20,18,NOW()),(63,20,12,NOW());

-- MESSAGES (80)
INSERT INTO messages (message_id, trip_id, sender_id, text, sent_at) VALUES
(1,1,2,'Can’t wait for the beach party!',NOW()),
(2,1,3,'Let’s plan water activities.',NOW()),
(3,1,4,'I will book rooms.',NOW()),
(4,2,6,'Manali snow is amazing!',NOW()),
(5,2,7,'Bring warm clothes.',NOW()),
(6,2,1,'Excited for skiing.',NOW()),
(7,3,9,'Ladakh roads are tough!',NOW()),
(8,3,10,'Let’s rent bikes.',NOW()),
(9,3,11,'Adventure begins!',NOW()),
(10,4,12,'City tour first?',NOW()),
(11,4,1,'Let’s try street food.',NOW()),
(12,4,8,'I have a guide.',NOW()),
(13,5,3,'Ganga rafting! Yay!',NOW()),
(14,5,4,'Book a tent camp.',NOW()),
(15,6,6,'Houseboat looks great.',NOW()),
(16,6,9,'Yes, add kayaking.',NOW()),
(17,7,11,'Scuba Diving?',NOW()),
(18,7,12,'Let’s take GoPro.',NOW()),
(19,8,2,'Coffee plantation visit?',NOW()),
(20,8,14,'Yes sure!',NOW()),
(21,9,13,'Royal vibes there!',NOW()),
(22,9,17,'Boat ride please.',NOW()),
(23,10,20,'Toy train ride!',NOW()),
(24,10,21,'Let’s go!',NOW()),
(25,11,23,'Beaches and French food!',NOW()),
(26,11,5,'Photoshoot!',NOW()),
(27,12,27,'Ancient history rocks.',NOW()),
(28,12,28,'Temple tour?',NOW()),
(29,13,6,'Snow views!',NOW()),
(30,13,7,'Warm jackets.',NOW()),
(31,14,14,'Road trip!',NOW()),
(32,14,15,'Cold deserts wow.',NOW()),
(33,15,9,'Spiritual vibes.',NOW()),
(34,15,4,'Ganga aarti wow.',NOW()),
(35,16,1,'Chill weather.',NOW()),
(36,16,3,'Let’s camp.',NOW()),
(37,17,2,'Trekking time.',NOW()),
(38,17,6,'Ready!',NOW()),
(39,18,26,'Boating is must.',NOW()),
(40,18,20,'Breathtaking hills.',NOW()),
(41,19,25,'Desert safari!',NOW()),
(42,19,19,'Camel ride pls.',NOW()),
(43,20,10,'Houseboat stay!',NOW()),
(44,20,18,'Excited.',NOW());

-- REVIEWS (40)
INSERT INTO reviews (review_id, trip_id, reviewer_id, rating, comments, review_date) VALUES
(1,1,2,5,'Amazing!',NOW()),(2,1,3,4,'Fun trip.',NOW()),
(3,2,6,5,'Loved snow.',NOW()),(4,2,7,4,'Great views.',NOW()),
(5,3,9,5,'Adventure!',NOW()),(6,3,11,3,'Scary roads.',NOW()),
(7,4,12,4,'Good.',NOW()),(8,4,8,3,'Okay.',NOW()),
(9,5,3,5,'Rafting wow.',NOW()),(10,5,4,4,'Nice group.',NOW()),
(11,6,6,5,'Perfect!',NOW()),(12,6,9,4,'Beautiful.',NOW()),
(13,7,11,5,'Loved water.',NOW()),(14,7,12,4,'Good experience.',NOW()),
(15,8,2,4,'Nice place.',NOW()),(16,8,14,3,'Decent.',NOW()),
(17,9,13,5,'Royal.',NOW()),(18,9,17,4,'Nice.',NOW()),
(19,10,20,5,'Toy train fun.',NOW()),(20,10,21,4,'Enjoyed.',NOW()),
(21,11,1,5,'Amazing place.',NOW()),
(22,12,27,4,'Good history.',NOW()),
(23,13,6,5,'Snow heaven.',NOW()),
(24,14,14,4,'Tough but fun.',NOW()),
(25,15,9,4,'Holy vibes.',NOW()),
(26,16,1,5,'Nature love.',NOW()),
(27,17,2,5,'Mountains!!',NOW()),
(28,18,26,4,'Beautiful.',NOW()),
(29,19,25,5,'Desert fun.',NOW()),
(30,20,10,4,'Peaceful.',NOW()),
(31,11,5,4,'Nice.',NOW()),
(32,3,4,4,'Adventurous.',NOW()),
(33,6,10,3,'Crowded.',NOW()),
(34,20,12,5,'Lovely.',NOW()),
(35,13,3,5,'Epic trip.',NOW()),
(36,1,4,4,'Beach fun.',NOW()),
(37,8,7,4,'Good group.',NOW()),
(38,16,5,5,'Amazing.',NOW()),
(39,17,7,4,'Cool.',NOW()),
(40,19,19,4,'Enjoyed desert.',NOW());

-- MATCHES (25+)
INSERT INTO matches (match_id, user1_id, user2_id, trip_id, match_date, status) VALUES
(1,2,3,1,NOW(),'Accepted'),
(2,3,4,1,NOW(),'Pending'),
(3,6,7,2,NOW(),'Accepted'),
(4,1,8,2,NOW(),'Rejected'),
(5,9,10,3,NOW(),'Accepted'),
(6,10,11,3,NOW(),'Pending'),
(7,12,1,4,NOW(),'Accepted'),
(8,8,14,4,NOW(),'Rejected'),
(9,3,4,5,NOW(),'Accepted'),
(10,6,9,6,NOW(),'Pending'),
(11,11,12,7,NOW(),'Accepted'),
(12,2,14,8,NOW(),'Pending'),
(13,13,17,9,NOW(),'Accepted'),
(14,20,21,10,NOW(),'Accepted'),
(15,21,22,10,NOW(),'Rejected'),
(16,1,5,11,NOW(),'Pending'),
(17,27,28,12,NOW(),'Accepted'),
(18,6,3,13,NOW(),'Accepted'),
(19,14,15,14,NOW(),'Accepted'),
(20,9,4,15,NOW(),'Rejected'),
(21,1,3,16,NOW(),'Accepted'),
(22,2,6,17,NOW(),'Accepted'),
(23,26,20,18,NOW(),'Pending'),
(24,25,19,19,NOW(),'Accepted'),
(25,10,18,20,NOW(),'Accepted');
